created_at	id	full_text	user_name	screen_name	followers_count	verified	retweet_count	favorite_count
Sat Mar 21 19:30:08 +0000 2020	1241447017945223169	This is the face of someone who just spent 9 hours in personal protective equipment moving critically ill Covid19 patients around London.\n\nI feel broken - and we are only at the start. I am begging people, please please do social distancing and self isolation #covid19 https://t.co/hs0RQdvsn3	Natalie Silvey (Stay at home - save lives)	silv24	27152	False	126506	445713
Sun Mar 22 08:06:20 +0000 2020	1241637320325029889	Yesterday I knocked on my Tennant's door and told him he can stay in the property rent free for 5 months. He is self employed with 4 kids. I don't need Boris to tell me what is morally correct. Landlords, if you can, do more, do something. #COVID19 #BeNice	Paul Bradshaw	bradshaaaw	3085	False	128634	715158
Mon Mar 23 17:13:35 +0000 2020	1242137430322446344	This is Dr. Usama Riaz. He spent past weeks screening and treating patients with Corona Virus in Pakistan. \n\nHe knew there was no PPE. He persisted anyways.\n\nToday he lost his own battle with coronavirus but he gave life and hope to so many more. \n\nKNOW HIS NAME üò≠‚ù§ https://t.co/flSwhLCPmx	StanceGrounded	_SJPeace_	359835	False	119536	331428
Thu Mar 19 16:28:40 +0000 2020	1240676575168921600	So, the last week I have been battling COVID-19 &amp; Pneumonia. Never in my life have I been this ill. ‚ÄúYoung people aren‚Äôt at risk, they‚Äôll only have mild symptoms‚Äù Wrong. \n\nI want to open up about the difficulties I‚Äôve gone through these past days, what it was like in the ICU...	Bradley	bradleyziffer	7346	False	100742	322476
Sat Mar 21 12:14:08 +0000 2020	1241337295606657033	Korea finished developing the 10 minute Covid-19 diagnostic kit and is now ramping up production. They plan to export 300.000 test-kits per week - https://t.co/DpJCph9RT7	Florian Witulski	vaitor	21374	True	89425	196789
Sat Mar 21 18:18:42 +0000 2020	1241429041011478529	tw suicide, COVID-19\n\nHey, so, um, there's a big elephant in the room right now. COVID isn't the only epidemic happening right now - and it's come at a bad, bad time. Not that there's ever a good time.\n\nThere's a mental health epidemic happening, and we're gonna start seeing-	the stablative case	elliottdunstan	3516	False	88884	284776
Fri Mar 20 17:44:00 +0000 2020	1241057919128526856	THREAD: I mostly talk about movies on here, but here goes. We are currently pivoting our factory to solely make surgical masks and other medical garments in short supply. We can make 2 million masks a day, and are looking to help in any way possible during this time. #COVID19 https://t.co/dOX7N3e1GJ	Jeffrey Zhang	strangeharbors	16065	False	79256	391801
Sat Mar 21 06:43:53 +0000 2020	1241254183979765761	I did almost everything right. Worked at home. Saw one friend in the last 10 days. Had a beer for an hour outside a pub, either side of a big table. Fresh air, no contact. Washed my hands 3 times. \n\nStill caught corona from him. \n\nDo not fuck around with this thing.	Geoff Lemon üçã	geofflemon	9082	False	76400	315373
Sat Mar 21 08:57:46 +0000 2020	1241287878354677760	Please don't take hydroxychloroquine (Plaquenil) plus Azithromycin for #COVID19 UNLESS your doctor prescribes it. Both drugs affect the QT interval of your heart and can lead to arrhythmias and sudden death, especially if you are taking other meds or have a heart condition.	Dr. Edsel Salvana	EdselSalvana	27236	True	71567	142812
Tue Mar 24 15:40:34 +0000 2020	1242476408896507910	My fellow citizens, \n\nTHERE IS ABSOLUTELY NO NEED TO PANIC.\n\nEssential commodities, medicines etc. would be available. Centre and various state governments will work in close coordination to ensure this.\n\nTogether, we will fight COVID-19 and create a healthier India. \n\nJai Hind!	Narendra Modi	narendramodi	55912740	True	71031	271277
Sat Mar 21 06:16:39 +0000 2020	1241247329572683776	This is why the beaches haven't closed in Florida, and why they've had minimal COVID-19 prevention. Absolute dysfunction. https://t.co/8x2tcQeg21	Farbod Esnaashari	Farbod_E	9281	False	61815	169099
Thu Mar 19 12:46:45 +0000 2020	1240620727306510342	This is Generation Z. \n\nI want to name that because folks love calling everybody 40 and under Millennials.\n\nMillennials are not at Spring Break.\n\nMillennials are at home yelling at their Boomer parents who won‚Äôt sit still because they have ‚Äúfaith over fear‚Äù. https://t.co/byiOhELTJR	Candice Marie Benbow	CandiceBenbow	31569	False	29398	96313
Fri Mar 20 17:32:18 +0000 2020	1241054976270614535	"The World Health Organization warns young people: ‚ÄúYou are not invincible.‚Äù\n \nCOVID-19 could \""put you in hospital for weeks, or even kill you. Even if you don‚Äôt get sick, the choices you make about where you go could be the difference between life and death for someone else.‚Äù"	David P Gelles	gelles	18199	True	51305	129170
Fri Mar 20 03:45:54 +0000 2020	1240847006907711490	This man hospital bill bout to be so much. https://t.co/WBr1LBtKz5	Rick Rude	DomPuller	412	False	3716	9232
Sat Mar 21 04:48:00 +0000 2020	1241225019952263170	Katie Porter's sister, a doctor, is breaking down how staying in can save lives during the COVID-19 crisis https://t.co/9q7MpbpES8	NowThis	nowthisnews	2582651	True	45726	71877
Sat Mar 21 15:27:10 +0000 2020	1241385872001384449	Today we lost 2 colleagues,\nA young adult cardiology fellow &amp; a medical oncologist due to COVID-19 .\n\nWe pause to pray for them,\nAnd yet this war is just starting, with no end in sight!\n\nWe ask for your prayers \nWe ask our politicians to help and aggresively act for support!	doc.riz	pinoykidsdoc	3656	False	37520	149432
Thu Mar 19 17:22:06 +0000 2020	1240690021759238144	China has 24 times more people than Italy... https://t.co/UFiaQRO8jK	I‚Äôm Black and I‚Äôm not voting for Biden	rtyson82	16283	False	1286	1767
Wed Mar 18 18:13:09 +0000 2020	1240340480342310915	Hi. \n\nYes, it originated in China, but the technical term is Covid-19 \n\nYour mom originated from the back of a Buick Skylark, but we call her Judith\n\nDon‚Äôt be mean.	Brunette Bohemian	Rae_volution	46263	False	98068	550226
Fri Mar 20 19:52:48 +0000 2020	1241090332676194310	The epidemiologist who helped eradicate smallpox says Trump‚Äôs early handling of COVID-19 is ‚Äúis the most irresponsible act of an elected official that I've ever witnessed in my lifetime.‚Äù https://t.co/4XBSIumeBL	Elamin Abdelmahmoud	elamin88	30821	True	33671	77138
Thu Mar 19 20:54:56 +0000 2020	1240743583860195328	celebrities making singing videos as corona virus now tops over 230k cases worldwide  https://t.co/HPVjPn2fso	Cesar	itscesaryo	602	False	41743	184932
Sat Mar 21 23:50:25 +0000 2020	1241512518721376257	president of Slovakia showing up in her corona drip, hand-tailored matching fabric surgical masks..... impeccable https://t.co/PgZB1YvuDs	‚åÅ‚òç	iatemuggles	80452	False	33729	168767
Fri Mar 20 07:43:41 +0000 2020	1240906846933790720	Germany is conducting 160k Covid-19 tests a week. It has a total 35k ventilators, 10k ordered to be made by the govt. It has converted a new 1k bed hospital in Berlin. \n\nIt‚Äôs death rate is tiny bcos it‚Äôs mass testing allows quarantine and bcos it has fewer non reported cases.	lewis bassett	le_bassett	2784	False	26210	123968
Tue Mar 24 19:56:16 +0000 2020	1242540756209774592	Breaking: A child under the age of 18 has died of coronavirus in Los Angeles, public health officials announce, in what is believed to be the first child death from the virus in the US.\n\n‚ÄúA devastating reminder that COVID-19 infects people of all ages,‚Äù LA health official says.	Jon Passantino	passantino	215767	True	23974	54362
Mon Mar 23 23:16:42 +0000 2020	1242228808264155138	".@realdonaldtrump just said: \""if it were up to the doctors, they'd shut down the entire world.\"" Actually, if it were up to us, we'd save as many people as possible. We would follow the science &amp; evidence. We would never put politics ahead of the public's health #covid19"	Leana Wen, M.D.	DrLeanaWen	91732	True	24570	99828
Mon Mar 23 03:06:10 +0000 2020	1241924168263897089	One of my coworkers died today from #COVID19. Not much older, great guy. We were just sitting together a couple weeks ago, talking about whatever. The next time I saw him, he was admitted to the ICU. And that was the last time I saw him.\n\nMy whole body feels numb. üíî	B. Bobby Chiong, MD	brianchiong	11483	False	24622	169922
Fri Mar 20 15:09:46 +0000 2020	1241019106771558401	If you told me on New Years that within 3 months of 2020:                              \n\n-Kobe Bryant is dead\n-We‚Äôd be quarantined from COVID-19\n-Schools and sports are shut down\n-Tom Brady is a Tampa Bay Buccaneer \n\nI would‚Äôve legitimately thought the world was ending.	Paul Musso	PaulMusso13	346	False	23540	170999
Thu Mar 19 16:47:04 +0000 2020	1240681203449114630	This is my mom. She‚Äôs my hero. She‚Äôs a 60 year old primary care physician testing patients for #COVID19. She is putting her health on the line to test patients, get them the care they need, and do what she can to prevent community spread and the overburdening of our hospitals. https://t.co/zRjppSxpPn	Julie Silverbrook	JMSilverbrook	6070	False	24529	263209
Fri Mar 20 17:23:29 +0000 2020	1241052755793412096	Exactly one month ago Italy found its first case of #coronavirus. I‚Äôll tell you what happened in only one month. I hope you can learn from our mistakes.	Valerio Capraro	ValerioCapraro	5328	False	22251	32372
Sun Mar 22 18:11:37 +0000 2020	1241789646037602307	This is RITM Director Dr. Celia Carlos who was allegedly unjustly removed from her position because she refused to prioritize the processing of COVID-19 tests of asymptomatic politicians and other VIPs over patients with symptoms. RESPECT! #JusticeforDrCarlos #NOtoVIPTesting https://t.co/8dIzFxe9vH	Marv Jacobs	Marvjacob5	5671	False	26147	57268
Fri Mar 20 01:21:46 +0000 2020	1240810734315024386	To be clear, Sen Loeffler not only dumped stock, illegally using non-public information (allegedly), she used the proceeds to buys stock in a TELEWORKING SOFTWARE company, profiting off the #COVID19-induced collapse of the economy. https://t.co/H2EUBSUDL6	Julia Ioffe	juliaioffe	233887	True	957	2708
Fri Mar 20 22:11:03 +0000 2020	1241125126340595712	"Texas, NY, &amp; Cali are the 3 largest states. Cuomo &amp; Newsom are aggressive, *knowing* what's to come.\n\nIn Texas, Greg Abbott is \""fake coughing\"" to a reporter's questions, and Sen Cornyn is tweeting Corona beer pics\n\n2 weeks from now my state will be a dystopian rodeo.¬†\n\nBook it."	Filippo	filippoc1970	5856	False	6374	21527
Fri Mar 20 21:48:24 +0000 2020	1241119424729559041	I hear unfounded rumors about #NationalGuard troops supporting a nationwide quarantine. Let me be clear: There has been no such discussion. ... For news about the great work the Guard IS doing to support the #Covid_19  response, click the link. #COVID19 \nhttps://t.co/JZROM4xfF9	@ChiefNGB	ChiefNGB	34463	True	5515	9937
Tue Mar 24 12:29:25 +0000 2020	1242428305359462400	Reminder that two Republican senators were implicated this weekend in an insider trading scandal, selling millions in stock while telling voters COVID-19 was a hoax. \n\nNeither Republican has resigned.	Matt McDermott	mattmfm	81778	True	4577	12164
Mon Mar 23 22:55:00 +0000 2020	1242223348236550147	Fox News claims it never called COVID-19 a hoax. Let's check the receipts. https://t.co/7NgmdaoGbQ	NowThis	nowthisnews	2582651	True	5425	8636
Mon Mar 23 03:03:48 +0000 2020	1241923572144074754	Remember when the Chairman of the Senate Intelligence Committee enriched himself through stock trades off of inside information about the danger of COVID-19 while his Party told people it was a hoax to get Trump?	Ben Rhodes	brhodes	420051	True	3802	13845
Mon Mar 23 12:11:35 +0000 2020	1242061429789909001	Voice notes, broadcasts &amp; images are being shared on Whatsapp and other platforms with FAKE NEWS\n\nThese messages are developed with the intent to cause fear &amp; panic\n\nPlease disregard messages that are not signed by official sources\nhttps://t.co/zQrpNeOfet\n#COVID19 https://t.co/07fsRA2ny5	NCDC	NCDCgov	791849	True	3787	4480
Sat Mar 21 22:48:58 +0000 2020	1241497054817509376	This is unbelievable. It reportedly took Macron's threat to close the UK border for Boris Johnson to finally shutdown bars and restaurants. The Elysee refers to UK policy as 'benign neglect'. This failure of leadership is costing lives. https://t.co/z1rSslEG0H	David Lammy	DavidLammy	617869	True	1091	1986
Mon Mar 23 01:24:39 +0000 2020	1241898619965509637	Things the GOP has done during the Covid-19 outbreak: \n\n- Illegally traded stocks \n- Called it a hoax\n- Blamed it on China \n- Tried to bailout big business without conditions\n\nWhat they haven‚Äôt done: \n\n- Help workers \n- Help small businesses\n- Produced enough tests or ventilators	Max Berger	maxberger	32884	True	3043	9658
Mon Mar 23 22:12:21 +0000 2020	1242212614610051075	"BREAKING: @MBuhari‚Äôs Chief Of Staff, Abba Kyari, Reportedly Sick, Suspected Of Contracting #Coronavirus | Sahara Reporters\nA top government source told SR on Monday that Kyari has been seriously \""down\"" since returning from a trip abroad.\nREAD MORE: https://t.co/Acy5NcbMzQ https://t.co/kStp4cmFlr"	Sahara Reporters	SaharaReporters	2853442	True	2251	4377
Fri Mar 20 01:12:14 +0000 2020	1240808335349342208	As we saw over the wkend, disinfo is being spread online about a supposed national lockdown and grounding flights. Be skeptical of rumors. Make sure you‚Äôre getting info from legitimate sources. The @WhiteHouse is holding daily briefings and @cdcgov is providing the latest. https://t.co/pgXR2Leqqy	NSC	WHNSC	113605	True	17806	33834
Mon Mar 23 03:50:24 +0000 2020	1241935299833253891	"Delhi Police has registered a case under section 509 of the Indian Penal Code against a man who allegedly spat on a woman belonging to Manipur and called her \""Corona\"" in Vijay Nagar area of north Delhi last night. https://t.co/lBk88QGr8U"	ANI	ANI	3934042	True	1558	6216
Mon Mar 23 15:46:49 +0000 2020	1242115593383247873	"Fake news peddler Dhruv Rathee had said:\n\n\""Corona virus won't spread outside China, we need not worry\""\n\nHas this guy ever spoke something sensible? https://t.co/siBAwIR8Pn"	Mahesh Vikram Hegde	mvmeet	167096	False	1763	4492
Mon Mar 23 05:39:22 +0000 2020	1241962722008465408	Sen. Rand Paul, the guy who opposed the #coronavirus relief bill and paid sick leave, tested positive on March 22 and is ON PAID SICK LEAVE\n\nHis father, and former Congressman, Ron Paul, published an essay titled ‚ÄúThe Coronavirus Hoax‚Äù on March 17. Hypocrisy infects from the root https://t.co/c003XjrsjT	Bryan Dawson	BryanDawsonUSA	84834	False	1678	2704
Fri Mar 20 22:49:57 +0000 2020	1241134916441722882	Fox News claims it never called COVID-19 a hoax. Let's check the receipts. https://t.co/MeRiAoR7LV	NowThis	nowthisnews	2582651	True	1457	2211
Tue Mar 24 10:27:46 +0000 2020	1242397688961753088	If U love humanity, then pl stop forwarding any fake msg abt #Hantavirus to avoid panic, when we already hv enough to fight wid #Coronavirus.\nHanta Virus spreads only from an infected animal's urine,faeces or saliva. \nPl educate yourself &amp; RT for others to understand.\n#NoFakeNews https://t.co/VinNLLq89y	Dr. Jitendra Kumar Soni, IAS	Jksoniias	8069	True	1790	1799
Tue Mar 24 10:11:00 +0000 2020	1242393469001150466	Coronavirus: AltNews founder, Shekhar Gupta and others spread unverified claims by a fake twitter account\n\nhttps://t.co/YEMcc6loDW	OpIndia.com	OpIndia_com	306437	True	1565	2847
Fri Mar 20 21:39:52 +0000 2020	1241117279556902914	A message from the Ministry of Information ‚ÄúThe General Public is hereby urged to disregard any voice note circulating on WhatsApp that a helicopter will spray ‚Äòantivirus‚Äô throughout the Nation by 11:00 pm. This news is fake and should be disregarded in its entirety.‚Äù RT #COVID19	Bashir Ahmad	BashirAhmaad	476900	True	1210	2406
Sat Mar 21 06:40:00 +0000 2020	1241253205406822400	"\""Nobody wants to go close to me.\""\n\nAfter Nigeria recorded its first positive #COVID19 case, a story went viral on social media. It claimed the patient's taxi driver was demanding a payment not to spread the disease. The story was fake, but the impact on Jude has been very real. https://t.co/THJRVOhEmj"	BBC News Africa	BBCAfrica	2804312	True	1187	1285
Mon Mar 23 15:47:53 +0000 2020	1242115861114163201	Know the facts about #COVID19. Don‚Äôt share rumors &amp; unintentionally spread misinformation. Federal, state &amp; local governments are posting current and accurate information. For help in distinguishing rumor from fact, see @FEMA Coronavirus Rumor Control: https://t.co/Hi5AF1waWk https://t.co/AkbQjOM2xw	CDC	CDCgov	2644466	True	1324	1759
Sun Mar 22 17:10:28 +0000 2020	1241774256511385602	Patients with #COVID19 have reportedly had mild to severe respiratory illness. Symptoms include fever, cough, or shortness of breath. Learn more about COVID-19 symptoms: https://t.co/ehL8kmRHaN https://t.co/0am2j0zhfE	CDC	CDCgov	2644466	True	6755	12000
Tue Mar 24 05:29:45 +0000 2020	1242322693086760960	#WATCH An airline staff appeals to all not to spread rumours and instead educate yourself &amp; others about #COVID19, after she gets harassed by people in her housing society for allegedly spreading #Coronavirus. https://t.co/A7XsKijU9q	ANI	ANI	3934042	True	863	2724
Sat Mar 21 10:40:58 +0000 2020	1241313848939986947	Another 'fake news' being peddled in India is India is a country of vegetarians, so it is not going to be affected by #CoronaVirus like China. Vegetarianism &amp; #Corona has NO connection. + India's vegetarianism is a myth, 80% Indians are meat eaters!  https://t.co/9hraqXBxbE	Ashok Swain	ashoswai	200116	True	990	2872
Tue Mar 24 08:51:38 +0000 2020	1242373497948491776	An online website has falsely reported that the Government is likely to impose Financial Emergency in India to tackle the crisis  caused by #Covid19. \n\nPlease be advised that the story is malicious and fake and that there is no such plan. https://t.co/5lx0u3NUED	PIB Fact Check	PIBFactCheck	80308	True	812	1737
Thu Mar 19 16:48:44 +0000 2020	1240681625756880897	One million dirhams fine. 5 years jail and deportation and ban for life from #UAE for sharing any unconfirmed or #FakeNews about #CoronaVirus on social media or whatsapp.\n\n#UAE Government\n\nThe best announcement I have heard during this pandemic.\n\nCan we do this in #Pakistan ?	Mir Mohammad Alikhan	MirMAKOfficial	116756	False	1881	6240
Sun Mar 22 11:11:29 +0000 2020	1241683913535148032	#FakeNews Alert\n\n#PIBFactCheck: The claim that Paracetamol can treat #Coronavirus infection is false!\n\nBeware of #False remedies being shared on #Covid19india .\n\nFor authentic information on #CoronavirusInIndia follow @MoHFW_INDIA https://t.co/Y7GmqFa4As	PIB Fact Check	PIBFactCheck	80308	True	1036	1292
Tue Mar 24 18:10:19 +0000 2020	1242514092339925000	Prisoner released early over COVID-19 concerns allegedly broke into woman‚Äôs home, tied her up at knifepoint, and threatened to kill her https://t.co/BouajIUvYG	Katie Pavlich	KatiePavlich	751490	True	993	1382
Sat Mar 21 12:26:20 +0000 2020	1241340364830707712	"News is that since January, classified security briefings told Trump that a pandemic was coming.\n\nTrump did nothing, told us it was a \""Democrat Hoax,\"" and that the fifteen cases would soon be none. Thread.\n\n#coronavirus #TrumpPandemic #TrumpLiesPeopleDie \n\nhttps://t.co/uUgpRnUZCX"	Ben Jackson	DadoftheDecade	11958	False	898	1542
Sat Mar 21 14:04:29 +0000 2020	1241365063598030849	"Trump's decision to do nothin' and call #COVID19 a \""hoax\"" needlessly exposed millions that might have taken action if properly made aware.  There will be a river of blood that will forever stain Trump's tiny hands."	Tea Pain	TeaPainUSA	574234	False	942	2694
Mon Mar 23 23:05:52 +0000 2020	1242226084504129537	Trump says ‚Äúwe were early‚Äù on #coronavirus.\n\n2/26 ‚ÄúThe 15 (people) within a couple of days is going to be down to close to 0‚Äù\n\n2/28 ‚ÄúOne day, it‚Äôs like a miracle, it will disappear‚Äù\n \n2/28 ‚ÄúThis is their new hoax‚Äù\n \n3/12 ‚ÄúIt‚Äôs going to go away‚Äù\n\nYup. We were early	Ali Velshi	AliVelshi	455296	True	761	2471
Fri Mar 20 11:28:06 +0000 2020	1240963320322162688	Actual people telling the World that Pakistan is taking precautions against #CoronaVirusPakistan. But our Fake Media giving only hype &amp; sensationalism. We all have to be ONE in this war against #CoronaVirus. Stay home. Stay safe. https://t.co/CpH74lIhCJ	Murad Raas	DrMuradPTI	255420	False	873	3312
Sat Mar 21 00:16:34 +0000 2020	1241156711823572992	The fact that people refuse to stop gathering in large groups because they don't believe millions of Americans could die is Donald Trump's fault. You can't tell your constituents that the media lies &amp; science is fake &amp; be shocked when they refuse to take Corona seriously.	üáØüá≤Blacküá≠üáπAzizüá≥üá¨aNANsiüáπüáπ	Freeyourmindkid	71920	False	574	1707
Fri Mar 20 16:41:30 +0000 2020	1241042191004336136	This is called a Presidential clap back at the liberal media. \n\nPresident @realDonaldTrump says the American people are looking for hope and answers not this media sensationalism! \n\nThank you for fighting for the American people during this #coronavirus. Fight the #FakeNews https://t.co/ucVulYZVAd	PARIS	PARISDENNARD	72103	True	694	2686
Fri Mar 20 18:54:10 +0000 2020	1241075579601985536	I repeat... China warned WHO of the New Corona Virus in DEC of 2019...\n\nThe President of the US called it a ‚ÄúHOAX‚Äù until about 10 days ago!!!	Kojo Ebro	oldmanebro	264596	True	745	2665
Mon Mar 23 08:14:19 +0000 2020	1242001719996739584	Government of India issues advisory to all social media platforms in order to curb the Misinformation/#FakeNews on #Coronavirus.\n\nAs #IndiaFightsCorona join the league of #coronawarriors \n\nSuspect a forward to be #Fake : #Whatsapp Us: +91 87997 11259  | üìß- pibfactcheck@gmail.com https://t.co/oKGxObf85r	PIB Fact Check	PIBFactCheck	80308	True	615	1094
Fri Mar 20 21:08:45 +0000 2020	1241109446111174657	We don't like rumors. Please don't spread them. If you are telling people that the Nat. Guard is going to impose Martial Law, please stop. It's not true. They are busy being helping distribute medical supplies. Please and thank you. #COVID19 #kckpd #commonsense #norumors https://t.co/SJrT5ndVEU	KCKPD	KCKPDChief	11539	False	658	1716
Sat Mar 21 15:38:19 +0000 2020	1241388679722979328	Congress Gen Secy Ms @priyankagandhi  asks people not to panic ; don‚Äôt spread fake news ; take precautions and wash hands... #Corona https://t.co/GQEKnpLgn1	Supriya Bhardwaj	Supriya23bh	68891	False	626	4026
Tue Mar 24 16:42:36 +0000 2020	1242492018275889152	I attended the AMVCA on the 14th of March at Eko hotel. Even the After party. \n\nI decided to isolate myself a day after when a rumor began,\nEarly morning Work outs daily in my room. \n\nI obeyed the 14 days Isolation period. Day 9 now. Love and light Guys. ü§≤üèº #Covid19Out https://t.co/NEt5cYXCu1	Somto. üá≥üá¨	SomtoSocial	93123	False	8647	8333
Fri Mar 20 21:53:14 +0000 2020	1241120640981250048	Garlic may be tasty, but it WON'T protect you from the new #coronavirus.\n\nDon't spread rumors.\n\nThe fight against #COVID19 is also a fight against disinformation.\n\n#ShareInformation #ShareKnowledge #StayAtHomeChallenge https://t.co/DFLwgCdpL8	UNESCO	UNESCO	3244520	True	519	841
Sun Mar 22 06:55:11 +0000 2020	1241619416594255872	Bihar reports first COVID-19 death: 38-year-old man with travel history to Qatar dies at AIIMS, Patna, says hospital official	Press Trust of India	PTI_News	2502690	True	303	1003
Sun Mar 22 06:46:15 +0000 2020	1241617169223274499	Bihar: The 38-year-old man who has passed away at AIIMS in Patna and tested positive for #COVID19, had foreign travel history to Qatar. https://t.co/Tmcc4Qo7Gp	ANI	ANI	3934043	True	894	2549
Tue Mar 24 21:40:02 +0000 2020	1242566871964102657	NEW #CDCTRAVELNOTICES: #COVID19 in Romania, Qatar, Singapore, Saudi Arabia, Philippines, Ecuador, South Africa, Indonesia, and India. Avoid all nonessential travel to these areas. More information: https://t.co/qymgi29Huz. https://t.co/vVz7la13BN	CDC	CDCgov	2644466	True	388	476
Tue Mar 24 07:16:09 +0000 2020	1242349466239127553	Saif Ali returns frm Qatar, goes to Munger, Bihar. Gets unwell, is admitted to hospital, referred to AIIMS but dies. Doc found he is Corona+\nPolice reaches home, puts entire family in quarantine.\nNow Evry member has ran away from home &amp; everyone's scared https://t.co/jKj0Ify4oh	Mihir Jha ‚úçÔ∏è	MihirkJha	9617	False	264	199
Sun Mar 22 06:11:35 +0000 2020	1241608444966137856	First Corona death in Bihar. 38 years old Saif Ali died last night at AIIMS, Patna. He returned from Qatar few days back .	NBT Dilli	NBTDilli	40265	False	192	324
Sun Mar 22 06:49:32 +0000 2020	1241617994276409344	Bihar:One person aged 38 years  died at AIIMS Patna due to #Coronavirus.He returned from Qatar and was admitted in hospital on March 20.\n#CoronaVirusUpdate https://t.co/emOzuisIJV	All India Radio News	airnewsalerts	2365857	True	139	401
Tue Mar 24 05:58:11 +0000 2020	1242329847655026689	Rwanda confirms 17 new COVID-19 cases bringing total to 36.\n9 travellers from Dubai.\n3 travellers from Kenya.\n3 travellers from USA.\n1 traveller from Qatar.\n1 traveller from India.\n1 contact of a previous case. https://t.co/T1awAmya7X	Samira Sawlani	samirasawlani	88006	True	172	221
Sat Mar 21 15:24:49 +0000 2020	1241385282093580290	These are the World Cup 2022 workers quarantined in miserable conditions in Qatar.. this is inhuman.. does @FIFAcom accept this crime? @FIFAWorldCup @fifaworldcup_fr @EASPORTSFIFA  @EAFIFADirect @fifamedia @fifacom_fr #Coronavirus #Covid_19 https://t.co/VqaWKgBOQV	SUHAIL AL ABDOOL	s_alabdool	33651	False	109	75
Thu Mar 05 23:50:16 +0000 2020	1235714275752267776	I just landed at JFK after reporting on #coronavirus in Milan and Lombardy ‚Äîthe epicenter of Italy‚Äôs  outbreak‚Äî for @vicenews. I walked right through US customs. They didn‚Äôt ask me where in Italy I went or if I came into contact with sick people. They didn‚Äôt ask me anything.	Julia Lindau	julialindau	9056	True	63932	226395
Wed Mar 04 17:31:21 +0000 2020	1235256530728972290	ALERT‚ÄºÔ∏è‚ÄºÔ∏è‚ÄºÔ∏è\nThe corona virus can be spread through money. If you have any money at home, put on some gloves, put all the money in to a plastic bag and put it outside the front door tonight. I'm collecting all the plastic bags tonight for safety. Think of your health.	Pre K ‚ùÑÔ∏è	stayfrea_	62656	False	300723	1136504
Thu Mar 05 21:11:15 +0000 2020	1235674258858061825	‚ö†Ô∏èChinese doctors say autopsies of #coronavirus victims suggest that #COVID19 is ‚Äúlike a combination of #SARS and #AIDS as it damages both the lungs and immune systems,‚Äù and can cause ‚Äúirreversible‚Äù lung damage even if the patient survives.\n\n@thespybrief\nhttps://t.co/bmnu8VIf0S	Dr. Dena Grayson	DrDenaGrayson	249901	True	21037	20403
Thu Mar 05 05:25:24 +0000 2020	1235436227140055040	WOW. A man in Incheon, west of Seoul - who contracted #coronavirus - has documented his symptoms and activities for past 25 days since his felt the symptoms in 38 pages in remarkable detail. He wore masks and gloves at home and all 23 close contacts tested negative for the virus. https://t.co/2mjDiBjVtC	Hyung Eun Kim	BBC_Hyung	1541	False	12832	20903
Thu Mar 05 17:36:52 +0000 2020	1235620307534258176	ALERT‚ÄºÔ∏è‚ÄºÔ∏è‚ÄºÔ∏è\nThe corona virus can be spread through internationaly printed albums. If you have any albums at home, put on some gloves, put all the albums in a box and put it outside the front door tonight. I'm collecting all the boxes tonight for safety. Think of your health.	ùô´ùôöùôö ‚ô°‚Äôùô® ÏÑ∏Ìõà !!	xingwrld	2034	False	10024	41933
Fri Mar 06 15:52:41 +0000 2020	1235956474955718656	"This is deadly serious:\n\nTalking about corona-virus this morning, Trump said, \""We closed it down. We stopped it.\""\n\nThere were 15 confirmed cases in the US a week ago.\n\nThere are 233 today.\n\nThere will be *5,000* in a week\n\nTRUMP'S INCOMPETENCE KILLS.\nhttps://t.co/my1hPapbfo"	Mikel Jollett	Mikel_Jollett	255294	True	9750	32597
Fri Mar 06 00:33:26 +0000 2020	1235725137468514305	People in the @realDonaldTrump Administration need to resign for the continuing massive testing deficiencies.\n\n@POTUS knew in January about #Covid_19. And he failed to do the one thing necessary to stop the spread of #coronavirus: to test for it so we can contain it. https://t.co/rOStYF6weK	Ted Lieu	tedlieu	1298716	True	11018	16240
Fri Mar 06 15:42:50 +0000 2020	1235953995161595904	It‚Äôs Friday. That means @realDonaldTrump is lying, again. @POTUS has not stopped the #CoronavirusOutbreak. It has now grown &amp; spread to 21 states with over 225 cases in the US. And we can‚Äôt contain it because we still don‚Äôt have enough test kits to know where the virus is. https://t.co/RDOqZQR7Ip	Ted Lieu	tedlieu	1298716	True	403	775
Fri Mar 06 06:21:35 +0000 2020	1235812754495172608	It‚Äôs March &amp; we still lack adequate #coronavirus test kits. This is a dereliction of duty by @realDonaldTrump. He knew about the virus in January. \n\nInstead of leading, @POTUS is spewing false information about #COVID„Éº19 to downplay the growing outbreak. Completely unacceptable. https://t.co/Xb4XTgyIsr	Ted Lieu	tedlieu	1298716	True	4250	7587
Thu Mar 05 18:40:59 +0000 2020	1235636443369873415	Rick Santelli on @CNBC just made the argument that we'd be better off if everyone got the #coronavirus right away and 2% of the world died off, so that financial markets could stabilize.\n\nRick likes Republicans, don't be like Rick. This should go viral.\n\n#VoteBlueToSaveAmerica https://t.co/1orGoG6cWO	Wash your hands, don't touch face	rationalsquad	4306	False	6617	7526
Fri Mar 06 04:37:08 +0000 2020	1235786467420581888	"WATCH: \""The best estimates now of the overall mortality rate for COVID-19 is somewhere between 0.1% and 1%,\"" Adm. Brett Giroir, assistant secretary for health at HHS, says. \""That's lower than you heard probably in many reports ... it's not likely in the range of 2 to 3%\"" https://t.co/ATnMRBLXVy"	NBC News	NBCNews	7544361	True	4842	8988
Fri Mar 06 15:27:40 +0000 2020	1235950178789724168	Panic buying is a symptom of a dysfunctional society diseased with individualism\n\nTo those with litres of soap at home- do you realise that to slow the transmission of COVID-19 you need other people to be cleaning their hands too?!\n\nA fortress of toilet paper will not protect you	Julia Simons	SJimons	22312	False	94346	406009
Thu Mar 05 23:46:10 +0000 2020	1235713244649713665	As soon as President @realDonaldTrump heard that the #Coronavirus was a problem in China he shutdown entry into the United States from China.\n\nThis saved many lives!\n\n#TrumpTownHall https://t.co/a5bdOwe1i3	Team Trump (Text TRUMP to 88022)	TeamTrump	1647169	True	4180	15781
Fri Mar 06 20:08:22 +0000 2020	1236020820947931136	"Epidemiologist Marc Lipsitch, director of Harvard's Center for Communicable Disease Dynamics: ‚ÄúIn the US it is the opposite of contained.\"" https://t.co/IPAPagz4Vs"	Daniel Dale	ddale8	768187	True	102	260
Fri Mar 06 04:45:52 +0000 2020	1235788666737291264	Toronto has another case of #COVID19 in a traveler who acquired the infection in.....Las Vegas.\n\nYou heard that right - Las Vegas.\n\nThe USA is exporting cases and the travel history is rapidly becoming irrelevant. \n\nhttps://t.co/g5QpObskW4	Isaac Bogoch	BogochIsaac	33273	True	3810	6145
Fri Mar 06 12:45:46 +0000 2020	1235909436033699847	BREAKING: There have now been more than 100,000 #coronavirus cases worldwide. 3,398 people have died of #COVID19 and 55,672 people have recovered.	Nick Stylianou	nmsonline	9029	True	3479	7921
Thu Mar 05 18:38:35 +0000 2020	1235635838052175878	did y‚Äôall know that there are 96,950 cases of COVID-19 right now?\n\nDid y‚Äôall know 3,308 people have died from it?\n\nBUT did y‚Äôall know that 53,981 of these cases have already recovered?\n\nStop letting the media control your brain. Scare tactics are real tactics. Do your research.	ùî∏ùïãùî∏‚ÑùùïÄùïÄ (*¬¥‚àÄÔΩÄ*)	OnlyAtarii	5341	False	55310	171857
Fri Mar 06 02:54:46 +0000 2020	1235760705741127683	I work with a mat salleh boss and every time he hears someone sneezes or coughs he would ask them to go back immediately, or work from home. The thing about us Asians is, we always think RAJINNYA DTG KERJA WALAUPUN SAKIT SO MUCH DEDICATION BUT NO YOU'RE JUST SPREADING GERMS..... https://t.co/O9e6UKaFqr	ÿ±Ÿàÿ≤ÿßŸäÿ™Ÿä	rozaiti	355	False	364	208
Fri Mar 06 15:40:01 +0000 2020	1235953286961913857	Same people used in multiple photos for corona claims in different cities across the world \n\n&gt;&gt;33 is a prevalent number apparently. https://t.co/54V77XEfBB	l E T 17	Inevitable_ET	181496	False	3219	4052
Fri Mar 06 22:40:26 +0000 2020	1236059089630908419	After weeks of the Federal Government dragging its feet on COVID-19 testing, Trump just admitted in front of the cameras he wants to manipulate the measurement of the outbreak for his personal political benefit.	Chris Hayes	chrislhayes	2123523	True	5618	16982
Fri Mar 06 16:21:49 +0000 2020	1235963807584915457	Tomorrow this boomer is turning 25.. üë¥\nI will leave be going to France for skiing + maybe get corona virus, so I will be mostly AFK. \n\nTo celebrate I am giving this cool Nomad knife away. \nJust retweet to enter. \n\nPicking a random winner when I am home! ü•∞\n&lt;3 https://t.co/jkIjB08Hav	zipeL	zipelCS	10763	False	3724	1957
Fri Mar 06 00:11:00 +0000 2020	1235719492493172737	Today‚Äôs #coronavirus recap:\n\n-95,270 confirmed cases globally &amp; 3,281 deaths\n\n-80% of new cases in üáÆüá∑üáÆüáπüá∞üá∑\n\n-@WHO estimates ~3.4% of üåé #COVID19 cases have died\n\n-‚ÄúIt is a time for pulling out all the stops‚Äù -@DrTedros\n\n-Countries must take a comprehensive, all-government approach	Global Health Strategies	GHS	87218	True	2110	4134
Fri Mar 06 00:28:54 +0000 2020	1235723999897882624	WTAF?!?! A Man at Dartmouth with symptoms of #COVID19 was asked to self quarantine while waiting for test results. He decided he was fine and went to a party. Results came back positive the next day. Now another has it. Why are so many treating this as a joke? \n#CoronaVirusUSA	üéÄùìúùìªùìº. ùì¢ùì™ùìºùìºùîÇ ùìëùì≤ùì∑ùì¥ùìà‚ôàÔ∏è‚ù§Ô∏è‚ôäÔ∏è	Mrs_Binks2U	19173	False	2323	5258
Fri Mar 06 21:59:37 +0000 2020	1236048815754326016	CONTINUED LACK OF #COVID„Éº19 TESTING IS A DERELICTION OF DUTY BY @realDonaldTrump. He knew since Jan about the #coronavirus. \n\nWhat is particularly shameful is @POTUS is using the artificially deflated numbers due to lack of testing to say the virus has been stopped. It has not. https://t.co/G1TVgZ2NPS	Ted Lieu	tedlieu	1298716	True	3635	6052
Fri Mar 06 04:34:58 +0000 2020	1235785921318072320	Attempt by @realdonaldtrump to minimize #Coronavirus has not aged well. According to @nytimes, there are over 215 cases &amp; 14 deaths, including 56 new cases today. Due to lack of testing by Administration, we still don‚Äôt know extent of the virus spread.\n\nhttps://t.co/HE1xjD8UuG https://t.co/EB9LpFjTFy	Ted Lieu	tedlieu	1298716	True	26572	139492
Fri Mar 06 23:28:52 +0000 2020	1236071277955252226	Like an invasion of hostile space aliens, COVID-19 Is an enemy of the human species that won‚Äôt negotiate. It cares not of your nationality, ideology, politics, or religion. This enemy of us all requires a global effort to combat, guided by science and not by magical thinking. https://t.co/ir50k21Fbd	Neil deGrasse Tyson	neiltyson	13709515	True	9802	47001
Thu Mar 05 15:23:48 +0000 2020	1235586819795947521	#VIDEO: The circling area around Holy Kaaba at the Holy Mosque in #Makkah was emptied of people temporarily in order to clean and sterilize it, due to #Coronavirus fears and to insure the safety of pilgrims. https://t.co/8CivSYbS29	Saudi Gazette	Saudi_Gazette	131107	True	3374	4528
Thu Mar 05 23:07:12 +0000 2020	1235703439688175618	‚ö†Ô∏èA nurse‚Äîexposed to #coronavirus and SICK in quarantine‚Äîhammers @CDCgov for initially REFUSING and then delaying #COVID19 testing.\n\n‚ÄúWhat a ridiculous and uneducated response...it‚Äôs a public health emergency.‚Äù\n\nh/t @Iam_BrookeSmith @NationalNurses\nhttps://t.co/DXvzVzYfLs	Dr. Dena Grayson	DrDenaGrayson	296159	True	2339	3921
Fri Mar 06 12:56:49 +0000 2020	1235912217943355392	As of March 6th 3PM KST, #BTSARMY donated approx.  505,500,000 won for COVID-19 relief in 9 days!!\n\n@BTS_twt üíúüíúüíúüíúüíúüíúüíú https://t.co/jbJvfPOaJR https://t.co/uHoZHtDn1S	ÏïÑÎØ∏ÏÇ¥Î°± ·¥Ä Ä·¥ç è s·¥Ä ü·¥è…¥	BTSARMY_Salon	178830	False	845	1472
Fri Mar 06 02:19:10 +0000 2020	1235751746107879424	After @realDonaldTrump and cronies downplayed the #CoronavirusOutbreak, Pence now admits there aren't enough #coronavirus test kits.\n\nExperts (including me) saw this coming for weeks and called for point-of-care #COVID19 tests.\n\nTheir incompetence will cost lives.ü§¨\n\n@thespybrief https://t.co/hFD1eJMoSh	Dr. Dena Grayson	DrDenaGrayson	296159	True	385	570
Thu Mar 05 21:21:43 +0000 2020	1235676894026231812	"This latest report of SARS-like lung damage is consistent with prior clinical reports of #coronavirus cases from #China. At least 1 patient who survived #COVID19 later received a lung transplant due to permanent fibrosis (\""scarring\"") of his lungs.\n\nhttps://t.co/CvxaNJ1edV"	Dr. Dena Grayson	DrDenaGrayson	296159	True	2373	2986
Fri Mar 06 00:02:05 +0000 2020	1235717251753369600	Donations to the US Government are handled by a specific office at the U.S. Treasury; you don‚Äôt send  a check to an ‚ÄúOffice of the Assistant Secretary for Health‚Äù ‚Äî see https://t.co/haRP4i1hQG https://t.co/c7Pgv6SJJZ	Steven A. Cash: Proud Alum- ‚ÄúThe Steady State‚Äù	cashsteven1	3490	False	13135	38613
Thu Mar 05 23:51:50 +0000 2020	1235714668833828864	This #coronavirus emergency response package gives our government the resources it needs to confront this public health crisis ‚Äì without stealing a dime from other critical initiatives. With my signature, it goes to the President‚Äôs desk. https://t.co/stxLFdcdcj	Nancy Pelosi	SpeakerPelosi	4546004	True	1625	7666
Fri Mar 06 12:53:56 +0000 2020	1235911492932956160	Nero's fiddling again. As people die &amp; his administration fumbles the COVID-19 response, DONALD TRUMP IS TAKING ANOTHER TAXPAYER-FUNDED VACATION TO HIS PRIVATE LUXURY RESORT. I'm really trying hard to comply with a social media policy that surely bans cursing out a corrupt POTUS. https://t.co/tZlknWKkmt	Walter Shaub	waltshaub	492446	True	227	378
Fri Mar 06 08:10:52 +0000 2020	1235840256831709184	#Taiwan‚Äôs ability to contain the #COVID19 outbreak is a tribute to our unity &amp; resilience. It also speaks to the collaboration between our government, people, &amp; the many private businesses that have ramped up production to protect public health &amp; make the impossible possible: https://t.co/nzAzrDyoZf	Ëî°Ëã±Êñá Tsai Ing-wen	iingwen	1094301	True	1717	7110
Fri Mar 06 07:29:25 +0000 2020	1235829825706680322	Dear @StateDept: A reminder that last week in @HouseForeign Affairs Committee, @SecPompeo refused 6 times to deny that #coronavirus is a hoax. \n\nhttps://t.co/3kiwPLsYcj https://t.co/FttSF7aEzc	Ted Lieu	tedlieu	1298716	True	88	152
Fri Mar 06 16:22:44 +0000 2020	1235964038242340866	There's something strange going on with Turkey. It is refusing to give evidence about the corona virus to WHO. There are rumors that the problem is almost like with IRAN. Some cases are reported on Turkish airlines. They don't give evidence as TA are on the verge of bankruptcy https://t.co/lV5A5ESFzX	Con/nos Christofides	neokyma13	5133	False	1096	1439
Thu Mar 05 15:08:35 +0000 2020	1235582989511213056	Japan: close schools\nItaly: close schools and football games\nChina: shut everything down \nOlympics; may cancel\n\nTrump: Coronavirus is a hoax, my hunch is experts are wrong, and you should go to work and school. \n\n#TrumpVirus #COVID19 #Coronvirus	Not Bill Murray	StayWonked	37238	False	971	2741
Thu Mar 05 15:21:42 +0000 2020	1235586291200389120	Don't interrupt! Blamingüá∫üá∏4 #coronaviruschina will enable us 2 uniteüåêagainst the New Evil Empireüá®üá≥4 its coverup. This pandemic has been killing not only Chinese people but also people throughoutüåê. Wuhan victims cry out fake as Vice-Premier Â≠ôÊò•ÂÖ∞ visits. https://t.co/oIz1I3yPoz https://t.co/7mTClJL1cq	Solomon Yue	SolomonYue	146439	False	97	230
Fri Mar 06 17:00:04 +0000 2020	1235973434095669254	6 Mar 20 | 7pm GMT+2\n# of confirmed #COVID19 cases in the Region \nüá¶üá´Afghanistan 1\nüáßüá≠Bahrain 56\nüá™üá¨Egypt 15\nüáÆüá∑IR Iran 4747 incl 124 deaths\nüáÆüá∂Iraq 38 incl 2 deaths \nüáØüá¥Jordan 1\nüá∞üáºKuwait 58\nüá±üáßLebanon 16\nüá≤üá¶Morocco 2\nüá¥üá≤Oman 16\nüáµüá∏OPT 7\nüáµüá∞Pakistan 6\nüá∂üá¶Qatar 11\nüáπüá≥Tunisia 1\nüá∏üá¶KSA 5\nüá¶üá™UAE 29 https://t.co/LMjICMWAgO	WHO EMRO	WHOEMRO	204310	True	375	523
Fri Mar 06 21:11:33 +0000 2020	1236036720656650240	Trump campaign sues CNN over ‚Äòfalse and defamatory‚Äô 'Russia Russia' statements, seeks millions in damages. \n\nFake News Medias are worse than #coronavirus.\nEnemy of the People!\n\nTHE GREAT AWAKENING.\nYou are the news now.\nHandle w/ care.\nQ\n#QAnon\n#Trump2020 #KAG \n#KAG2020 #WWG1WGA https://t.co/yWiMqKmSUx	Wyn	Wyn1745	56446	False	478	594
Fri Mar 06 13:33:12 +0000 2020	1235921373991546882	Three more Iranian officials reportedly dead from #COVID19. Either being a politician makes you extra-susceptible to coronavirus, or the prevalence of the disease is orders of magnitude higher than the government admits: https://t.co/OJGsWY74F1	Graeme Wood	gcaw	34244	True	168	4855
Fri Mar 06 12:16:16 +0000 2020	1235902012375674881	New York AG Warns Televangelist #JimBakker To Stop Selling FAKE #CORONAVIRUS CURE\n\n#LisaLandau, chief of the AG‚Äôs Health Care Bureau, sent a cease and desist letter to Bakker on Thursday threatening legal action\n\n#MOG‚òòÔ∏è\n#BlueWave2020\n\n#MAGA\n#Christians https://t.co/y1iWhZWlsI	Michael O'Grady	mog7546	44159	False	186	197
Fri Mar 06 06:39:30 +0000 2020	1235817262847635457	Before the Corona Virus reached South Africa, Trevor Noah was on the daily show making fun of the fact that we were gonna die because of China and their fake things . Some American got offended that he's making fun of such a serious situation and he was like	NKABINDE ü•á	sya_nkabinde	103864	False	168	645
Tue Mar 03 22:11:32 +0000 2020	1234964653014384644	Since this will never get reported by the media, I wanted to share a copy of this check. @realDonaldTrump is once again donating his salary back to the United States Government  ‚Äî This quarter, it will be donated to @HHSGov to confront, contain, and combat #Coronavirus. üá∫üá∏üá∫üá∏ https://t.co/hVZsm6z1zu	Eric Trump	EricTrump	3209070	True	21827	63912
Wed Mar 04 05:15:15 +0000 2020	1235071285027147776	Just 1 case of Corona Virus in India and  people are crazy  for masks!!\nDaily 400 people die in road crashes &amp; still no craze for Helmetsü§î\n\n#safetysaves \nbe it virus or road crashes!	Pankaj Nain IPS	ipspankajnain	69771	True	16069	53755
Tue Mar 03 18:38:47 +0000 2020	1234911110861594624	President @realDonaldTrump made a commitment to donate his salary while in office. Honoring that promise and to further protect the American people, he is donating his 2019 Q4 salary to @HHSGov to support the efforts being undertaken to confront, contain, and combat #Coronavirus. https://t.co/R6KUQmBRl1	Kayleigh McEnany	PressSec	4424446	True	13135	38613
Tue Mar 03 03:42:09 +0000 2020	1234685467682979840	I live in Seattle, I have all symptoms of COVID-19 and have a history of chronic bronchitis. \n\nSince I work in a physical therapy clinic with many 65+ patients and those with chronic illnesses, I decided to be responsible and go to get tested. This is how that went.	sketchy lady	into_the_brush	9321	False	123816	321253
Wed Mar 04 06:03:14 +0000 2020	1235083359501430789	Experts across the world have advised to reduce mass gatherings to avoid the spread of COVID-19 Novel Coronavirus. Hence, this year I have decided not to participate in any Holi Milan programme.	Narendra Modi	narendramodi	55912748	True	18552	103374
Wed Mar 04 15:03:12 +0000 2020	1235219248903073800	Prime Minister of Israel Benjamin Netanyahu @netanyahu encourages Israelis to adopt the Indian way of greeting #Namaste at a press conference to mitigate the spread of #coronavirus https://t.co/gtSKzBDjl4	India in Israel	indemtel	18705	True	10912	43123
Tue Mar 03 23:10:13 +0000 2020	1234979421464879105	Dear @realDonaldTrump: You knew about #Covid_19 in January. It is March and your Administration still does not have enough test kits. That is unconscionable and a dereliction of duty.\n\nStop minimizing the #CoronaOutbreak and start leading. Lives are at stake. https://t.co/vPFePNQbVQ	Ted Lieu	tedlieu	1298716	True	1095	1722
Tue Mar 03 18:59:32 +0000 2020	1234916336393969667	Countries with largest numbers of #coronavirus diagnoses\n\n1. China\n2. South Korea\n3. Italy\n4. Iran\n5, Japan\n6. France\n7. Germany\n8. Spain\n9. Singapore\n10. USA	Frida Ghitis	FridaGhitis	18951	True	5588	13862
Mon Mar 02 23:08:59 +0000 2020	1234616723615166465	I'm stunned by the depth of #coronavirus information being released in #Singapore. On this website you can see every known infection case, where the person lives and works, which hospital they got admitted to, and the network topology of carriers, all laid out on a time-series https://t.co/wckG8KpPDE	üìé ¬Æ ¬• ¬® ‚Ä† √• ¬Æ √∏	RyutaroUchiyama	1261	False	11277	22335
Wed Mar 04 10:24:58 +0000 2020	1235149229179404289	The new #coronavirus has killed about 3.4% of confirmed cases globally - making it deadlier than the flu, but still containable. \n\nThe seasonal flu's fatality rate is below 1% https://t.co/WuZSmsX0yh https://t.co/gtXfr8k0oN	Al Jazeera English	AJEnglish	6160333	True	4872	9292
Tue Mar 03 00:18:40 +0000 2020	1234634259912155137	BREAKING: I am announcing a new directive requiring NY health insurers to waive cost sharing associated with testing for #coronavirus, including emergency room, urgent care and office visits.\n\nWe can't let cost be a barrier to access to COVID-19 testing for any New Yorker.	Andrew Cuomo	NYGovCuomo	1961937	True	17914	82924
Wed Mar 04 14:27:27 +0000 2020	1235210250812305408	Netanyahu announcing Israel's new extreme measures against #corona. Orders Israelis to stop shaking hands, suggests following Indian custom of namaste instead. üôèüèΩ https://t.co/8dGZUUtwEU	Noga Tarnopolsky	NTarnopolsky	32967	True	4477	16086
Wed Mar 04 16:22:08 +0000 2020	1235239113298759680	Just spoke with ER doc who say he's seeing cases he's 99% sure are #coronavirus. Negative for flu, recent travel, work in airports. Not allowed to test. Patients return to work because they can't take time off w/out a firm diagnosis. Other ER docs seeing the same thing.	Matt Stoller	matthewstoller	100812	True	6000	14222
Wed Mar 04 02:59:27 +0000 2020	1235037111239077889	#EXO members #Chanyeol, #Lay, #Suho¬†and #Kai have¬†donated a combined 170 million won to Korea Disaster Relief Association Hope Bridge¬†to help fight the #coronavirus outbreak. #COVID19 @weareoneEXO\n@layzhang #Ï∞¨Ïó¥ #ZhangYixing #ÏàòÌò∏ #ÏóëÏÜå https://t.co/wAQhDoDjCt	China Daily	ChinaDaily	4366647	True	3916	5914
Wed Mar 04 11:34:18 +0000 2020	1235166676309676032	The World Health Organization confirmed that Covid-19 is deadlier than the seasonal flu, but does not transmit as easily. Read the latest updates on the coronavirus outbreak here.  https://t.co/3oWVZ6iEYc	New York Times World	nytimesworld	2030909	True	3270	5088
Wed Mar 04 18:57:50 +0000 2020	1235278295211618304	A State of Emergency has been declared for LA City and County due to confirmed cases of Coronavirus.\n\nAngelenos need to be prepared, but not panicked. Listen to the advice of experts.\n\nMake sure you're following @CDCgov and @lapublichealth for the latest info and recommendations. https://t.co/05qzCYhcrn	Adam Schiff	RepAdamSchiff	2209986	True	310	365
Tue Mar 03 16:04:23 +0000 2020	1234872254883909642	"@DrTedros \""Globally, about 3.4% of reported #COVID19 cases have died. By comparison, seasonal flu generally kills far fewer than 1% of those infected\""-@DrTedros #coronavirus"	World Health Organization (WHO)	WHO	7612984	True	2397	2362
Tue Mar 10 12:59:21 +0000 2020	1237362407506313216	Amazing! What South Korea is doing is really bending their #Covid19 epidemic curve. Only 131 new cases today, versus 909 on Feb. 29. \nIt's not just China. This clearly can be done. \nhttps://t.co/sueAO9XLF7 https://t.co/Bw7WX1s9nM	Helen Branswell	HelenBranswell	101819	True	11242	22999
Tue Mar 10 22:19:54 +0000 2020	1237503474159452161	The thing anyone under age 50 has to realize is that we're probably not gonna die from COVID-19 but we will absolutely be the vectors who spread the disease around to old people who *will* die which is why we gotta take precautions too.	Peter Pandemic	BostonJerry	8169	False	10758	42672
Tue Mar 10 18:40:23 +0000 2020	1237448230381801475	They did not cut taxes. They did not bail out companies. They just attacked the public health emergency. The way to enable economic recovery is focus on public health. https://t.co/9avqBJ9hLX	Brian Schatz	brianschatz	276618	True	11242	22999
Sun Mar 08 15:30:45 +0000 2020	1236675730496339969	Hospital Sungai Buloh will soon to be COVID-19 centre. May this effort be a paradigm for a better precaution to all Malaysians. We're arranging beds 100% for COVID-19 patients, &amp; re-distributing in-House patients to other Tertiary Hospital/District Hosp for continuation of care.	AzfarKamal	Azpapip	2077	False	10620	11120
Wed Mar 11 05:31:53 +0000 2020	1237612187570470912	Short video... #Coronavirus spreads all over the world #Wuhan #COVID2019 #koronawirus #Korona #Corona #CoronavirusSpread #CoronaVirusUpdate https://t.co/5CiHV5YiVo\n#COVID19	Yasir khan	yasirlangar479	216	False	10418	9969
Mon Mar 09 20:15:35 +0000 2020	1237109798971355137	Looks like the corona virus is antiblack and I‚Äôm okay with that https://t.co/CMwiAIeaz6	Junko Thee Enoshima	urbestenemy	16147	False	10188	45407
Mon Mar 09 10:51:00 +0000 2020	1236967717535731712	Covid-19 hit during cold/flu season. \n\nWondering if you might have the virus? \n\nThis chart on #covid19 v. cold v. flu is helpful: https://t.co/iDk6eG0cm5	Julia Belluz	juliaoftoronto	34357	True	9890	16485
Tue Mar 10 07:12:57 +0000 2020	1237275231783284736	Our #FlattenTheCurve graphic is now up on \n@Wikipedia with proper attribution &amp; a CC-BY-SA licence.  Please share far &amp; wide and translate it into any language you can! Details in the thread below. #Covid_19 #COVID2019 #COVID19 #coronavirus  Thanks to @XTOTL &amp; @TheSpinoffTV https://t.co/BQop7yWu1Q	Dr Siouxsie Wiles	SiouxsieW	15663	False	9764	11560
Tue Mar 10 22:58:58 +0000 2020	1237513303720521728	Bigoted statements which spread misinformation and blame Asians and the Asian American community for #coronavirus make us all less safe. @GOPLeader must delete this tweet and apologize immediately. https://t.co/twzCcVAWDH	Nancy Pelosi	SpeakerPelosi	4065458	True	9761	42514
Sun Mar 08 02:06:03 +0000 2020	1236473220783636481	THREAD: On #Coronavirus, we may be entering a period of accelerating cases. The country could look very different over next two weeks. We‚Äôll get through this, but need to take steps now to limit the scope and impact of virus. There are things we can do now to help ourselves. 1/n	Scott Gottlieb, MD	ScottGottliebMD	159792	True	9740	22906
Mon Mar 09 02:11:39 +0000 2020	1236837019336269826	Just got a look of guidlines for testing COVID-19 at a San Diego hospital and they are...really bad! In order to get a test the patient has to have had close contact w someone w a confirmed infection or travelled to an infected area. But that's totally insufficient!	Chris Hayes	chrislhayes	2039996	True	9652	41935
Tue Mar 10 16:45:27 +0000 2020	1237419307782393857	$57 round trip to LA, thanks corona virus https://t.co/KiNfqQ5MIb	KUSH PAPI üçáüçâüçä	KushPapii	47362	False	9320	82925
Fri Mar 06 15:33:37 +0000 2020	1235951676294606848	The #Coronavirus is spreading. Let‚Äôs make education spread faster. Please read &amp; retweet to so we are all ready for #COVID19.https://t.co/kkprJkwAiT	Stephen Fry	stephenfry	12727585	True	9256	12581
Tue Mar 10 19:02:08 +0000 2020	1237453703466156034	I've just been informed that my COVID-19 lab result was negative. \n\nIn an abundance of caution, I will remain under self-quarantine at the advice of medical professionals through Thursday at 2pm. I continue to feel fine and show no symptoms.	Rep. Matt Gaetz	RepMattGaetz	662690	True	9176	58483
Tue Mar 10 21:35:20 +0000 2020	1237492257458204673	üìä France, Spain and Germany are about 9 to 10 days behind Italy in #COVID19 progression; the UK and the US follow at 13 to 16 days. In Italy we waited too long, these countries should really start implementing aggressive containment measures now. https://t.co/xL7jUczpmY	Silvia Merler	SMerler	13876	False	8991	13037
Sun Mar 08 23:06:49 +0000 2020	1236790504249057280	.@SenSchumer &amp; I are demanding that the Trump Administration prioritize the health and safety of American workers and their families over corporate interests. #coronavirus https://t.co/S8TuwaHQeM	Nancy Pelosi	SpeakerPelosi	4065458	True	8762	32798
Tue Mar 10 05:29:36 +0000 2020	1237249222442807296	‚ÄúIsrael announces mandatory two-week quarantine for all overseas arrivals.‚Äù Want to bet Israel doesn‚Äôt have an epidemic in their country? Borders are a wonderful thing. #Coronavirus https://t.co/4vMYI6OCGg	James Woods	RealJamesWoods	2263389	True	8558	27105
Sun Mar 08 19:45:00 +0000 2020	1236739714897473536	In the wake of the #coronavirus, Sen Josh Hawley introduces a bill to end United States dependency on China for the manufacturing and distribution of our medical supply. \nhttps://t.co/BRx40LQ1Du	Newt Gingrich	newtgingrich	2207485	True	8493	27912
Mon Mar 09 08:52:29 +0000 2020	1236937893798707201	I wanted detailed Covid-19 data, but had a hard time finding numbers without accompanying media bias. I collected it myself, and am sharing here.\n\nIn this thread: \n- Incubation Time\n- Symptom Occurrence\n- Transmission Rates\n- First 20 US cases by date and location \n(cont'd)	L	SomeBitchIKnow	5363	False	8265	14733
Mon Mar 09 02:20:49 +0000 2020	1236839326916341760	I don't know who needs to hear this but Alberta just added COVID19 testing to ALL respiratory swabs done in ER or hospital. So if you're looking for flu, you'll also get an answer on #covid19.\n\nShould be #StandardOfCare IMHO.	Josh Ng-Kamstra MDCM, MPH	JoshNgKamstra	2394	False	8066	30711
Sat Mar 07 01:04:43 +0000 2020	1236095399691083776	#COVID„Éº19 Something we all need to be aware and alert of. It's now up to 3rd gen infection. Watch this video (borrowed) to understand how easy it is to spread the virus. #coronavirus https://t.co/USNpSQl2pP	Whothatgurl	janaedha	95	False	7891	11616
Mon Mar 09 20:04:44 +0000 2020	1237107071947948032	Can someone explain why people who came in contact with the CPAC attendee are doing self quarantine instead of getting a #coronavirus test? Wouldn‚Äôt we want to know ASAP if anyone that attendee interacted with now has the virus? https://t.co/MKoCMA0eDb	Ted Lieu	tedlieu	1255703	True	3468	9984
Mon Mar 09 06:46:29 +0000 2020	1236906182796644353	"At a S. Korean gov't briefing on COVID-19 response:\n\n\""The gov't is covering the financial costs for related testing and treatment instead of saddling individuals with those expenses. The gov't is also reimbursing medical facilities for losses incurred from imposed quarantines.\"""	Victoria Kim	vicjkim	8169	True	7655	31593
Sun Mar 08 18:21:47 +0000 2020	1236718775099064320	passport twitter been quiet since corona hit. shouldve spent ur money on jordans	"user:{""id"":49855677"	"screen_name:""stopitg"	46159	False	7557	47975
Tue Mar 10 22:19:59 +0000 2020	1237503494325559296	EXCLUSIVE\n\nNadine Dorries, a health minister, has become first MP to be diagnosed with coronavirus\n\nShe has been in Westminster for past week, met hundreds of people, and attended a No 10 reception hosted by Boris Johnson on Thursday\n\nhttps://t.co/3seuE2NGYE	Steven Swinford	Steven_Swinford	43744	True	7450	9118
Wed Mar 11 03:24:10 +0000 2020	1237580045553524736	Four days ago @realDonaldTrump said he ‚Äústopped‚Äù the #coronavirus &amp; ‚Äúclosed it down.‚Äù As of tonight, there are over 1,000 cases in America with at least 31 deaths. The virus has now spread to 37 states.\n\nAnd we still lack sufficient testing.\n\n#FactsMatter\nhttps://t.co/HE1xjCRj66	Ted Lieu	tedlieu	1255703	True	7408	16426
Sat Mar 07 11:34:33 +0000 2020	1236253902242226176	Me arriving in France after paying $00.38 for my round trip plane tickets because of the corona virus scare https://t.co/cISc2Y1uEs	Junko Thee Enoshima	urbestenemy	16147	False	7320	29736
Sun Mar 08 04:15:38 +0000 2020	1236505833673879552	To my dear students: Due to confirmed case of COVID-19 virus in Rizal, there will be no more research defense however you need to pass the manuscript on March 20. Stay at home and work individually. \nP.S. your life is more precious than your grades as a teacher I will do my part.	JayüëΩ	AltameraJay	1040	False	7227	69135
Tue Mar 10 03:30:06 +0000 2020	1237219150931599362	"Kevin McCarthy calling corona virus  Chinese is a racist ploy to make a public health issue something that can be blamed on \""others\"" - API kids in schools already being taunted about having the virus - this kind of \""leadership\"" by Republicans is a real danger to all of us."	Shanlon Wu	shanlonwu	16036	True	6924	28680
Sun Mar 08 06:14:39 +0000 2020	1236535783605121026	THREAD: Fri Jan 31, 2020, a few weeks before #Coronavirus has officially spread to other countries (which led to the bad stock market week Feb 24-Feb 28), the Trump Admin announced travel restrictions on China. Here is some of the reporting it generated. Take Politico of 2/4/20.	Yossi Gestetner	YossiGestetner	25032	True	6735	10876
Mon Mar 09 23:20:22 +0000 2020	1237156303304302592	Tonight we crossed an important threshold:  @CPAC ended 9 days ago. According to the experts we consulted that timing w NO NEW corona cases and NO attendees w symptoms is a huge turning point. Over 10,000 in a hotel w the virus present and no one is  positive. üôèüèªüëçüèªüá∫üá∏	Matt Schlapp	mschlapp	171651	True	6675	23060
Tue Mar 10 20:40:08 +0000 2020	1237478365638074374	Amazing! Passengers at the Kigali Bus Park have to wash their hands before getting onto buses as a prevention and risk reduction #Coronavirus outbreak. \n\n#Rwanda \n https://t.co/PbNxXrWjbM	Mo Almoghayer | ÿØ. ŸÖÿ≠ŸÖÿØ ÿßŸÑŸÖÿ∫Ÿäÿ±	Mogaza	47782	True	6534	20400
Tue Mar 10 12:08:08 +0000 2020	1237349518359724032	Just two months ago, Taal Volcano was erupting, giving rise to great fear and suffering. \n\nToday, serenity reigns in Taal, reminding us that the COVID-19 outbreak, too, will come and go, and with social solidarity, we can emerge stronger as a nation. \n\nüì∑ Tomas Tirona https://t.co/FWyYBdRi7a	Gideon Lasco	gideonlasco	19498	True	6353	26342
Mon Mar 09 09:45:52 +0000 2020	1236951328783388672	Saw some irregularities w/ the usage of the ff. in articles, to provide clarity:\n\nüß¨ SARS-CoV-2 (Severe Acute Respiratory Syndrome Coronavirus 2) is the virus.\n\nü¶† COVID-19 (Coronavirus Disease 2019) is the disease.\n\nHence, SARS-CoV-2 causes COVID-19. \n\nNonetheless, stay safe. üôèüèª	Robert Dominic Gonzales	robertkaaatz	17507	False	6351	23901
Sun Mar 08 08:56:04 +0000 2020	1236576408471822336	Two week‚Äôs sick pay:\n\nüá¨üáßUK ¬£188.50\n\nWhat you‚Äôd get if you lived in:\n\nüá¶üáπAustria ¬£574.70\nüá©üá™Germany ¬£574.70\nüá∏üá™Sweden ¬£459.76\nüá≥üá±Netherlands ¬£402.29\nüá™üá∏Spain ¬£241.37\n\nStatutory sick pay in the UK isn‚Äôt enough to live on.\n\nRT if you want decent #SickPayForAll \n\n#Coronavirus #Ridge #Marr	TradesUnionCongress	The_TUC	35173	False	6123	7299
Mon Mar 09 20:07:54 +0000 2020	1237107865325834246	Genuinely confused here: we have three members of congress prophylatically self-quarantining because of possible Covid-19 exposure, but are they not being tested? Seems like they should be tested, right?	Chris Hayes	chrislhayes	2039996	True	6105	48071
Sun Mar 08 00:27:53 +0000 2020	1236448518585319424	But I thought the Corona Virus was just a Democratic hoax to hurt Trump?  \n\nMoral to the story: science and nature do not give a damn what Party you belong to. https://t.co/G3v509JQzC	Ana Navarro-C√°rdenas	ananavarro	1332394	True	257	431
Sun Mar 08 15:42:25 +0000 2020	1236678669768093701	Anong effect ng isang araw na suspension of classes/work? Nothing. Instead:\n\n1. Disclose the areas na may cases ng COVID-19\n2. Incubation period of the virus is 1-2 weeks thus, we should also suspend classes/work for 14 days\n3. Sanitize buildings, schools, streets\n\n#WalangPasok	Mags	drshaynecooper	284	False	5827	22874
Tue Mar 10 19:28:59 +0000 2020	1237460460749766657	"The first Silicon Valley death from COVID-19 was a woman in her 60s. Both my parents are in their 60s. If you want to travel internationally and be socially irresponsible just because you're young, \""it's just the flu,\"" or flights are cheap then you're just an inconsiderate brat."	Kenny	_kennynguyen_	287	False	5758	32786
Mon Mar 09 17:32:20 +0000 2020	1237068715314892802	BREAKTHROUGH: Chloroquine phosphate -- an old anti-malaria drug -- has shown apparent efficacy in treatment of COVID-19 associated pneumonia in clinical studies. Chloroquine provides both anti-viral and anti-inflammatory benefits to patients	Paul Sperry	paulsperry_	189497	False	5633	11629
Tue Mar 10 15:47:19 +0000 2020	1237404677307760640	Ebola has a 50% death rate. If you got infected, you‚Äôd most likely die.\nCovid-19 has a 3.4% death rate. Obviously not as bad as Ebola‚Äîbut that makes it up to 34x more deadly than the seasonal flu https://t.co/bCyOeedRAy https://t.co/ga2RDGhpIQ	Bloomberg Opinion	bopinion	230453	True	5554	11000
Sat Mar 07 13:56:36 +0000 2020	1236289649737371648	Panic buying and stockpiling of toilet roll continues. These are the scenes at Costco in Farnborough in Hampshire today. #coronavirus #toiletpaperpanic #panickbuying https://t.co/JLlZVVS7EH	Adam Clark	adamclarkitv	4354	False	5415	15468
Tue Mar 10 06:56:05 +0000 2020	1237270988334592001	BREAKING: Department of Health announces 11 more confirmed cases of #COVID19. Cases now at 35 in PH. | via @raphbosano #coronavirus https://t.co/IJXPRvsiSN	ABS-CBN News	ABSCBNNews	6700694	True	5280	9924
Tue Mar 10 20:37:04 +0000 2020	1237477595916251137	Why has it taken the threat of a virus before they started cleaning tube stations??  Trains should be cleaned every week, the seats have more dust than sahara desert. https://t.co/mNElIEGfRi	Mr Reload It	AlexBasz	2871	False	190	905
Mon Mar 09 08:45:29 +0000 2020	1236936132715143168	There are now 10 new confirmed cases of #COVID19. Total now at 20, according to DOH | via @kristinesabillo https://t.co/0iSXAumCKH	ABS-CBN News	ABSCBNNews	6700694	True	5151	11692
Mon Mar 09 22:09:05 +0000 2020	1237138362261258244	Why is CDC's data on US cases lagging behind other entities (including WHO)?\n\nWhy are we only learning from the AP about a reported CDC recommendation that older Americans not fly, and that the White House blocked CDC from publicizing that recommendation? https://t.co/6j1Cael8ZR	Rachel Maddow MSNBC	maddow	9903499	True	2510	3935
Tue Mar 10 02:30:19 +0000 2020	1237204103970689026	The President won‚Äôt let us see this. What is he hiding? Stalled Intelligence Report Warns of Pandemic Dangers | Time ‚Å¶@ODNIgov‚Å© #coronavirus  https://t.co/XbBmyqFN9k	Frank Figliuzzi	FrankFigliuzzi1	272087	True	5040	9246
Mon Mar 09 13:59:55 +0000 2020	1237015260571168768	JUST IN: President Duterte suspends classes on all levels in Metro Manila from March 10 to March 14, 2020 amid threat of #COVID19 #WalangPasok https://t.co/62wpoA647k	ABS-CBN News	ABSCBNNews	6700694	True	5009	10406
Tue Mar 10 22:19:06 +0000 2020	1237503272555909120	Update of confirmed #COVID19 cases outside of China:\n\n#corona #coronavirus #CoronaVirusUpdate #Korona #koronawirus #Covid_19 #COVID2019 #coronavirusturkey #coronavirusitalIa https://t.co/u75FE6Asgm	Mahir Turan	mhr_trn	34	False	4882	4216
Sat Mar 07 06:45:23 +0000 2020	1236181131147522049	Toilet paper completely sold out in supermarkets? Did you lot not wipe your ass before corona	Louis	sharkywtf	1377	False	4843	30524
Mon Mar 09 00:53:51 +0000 2020	1236817440606056448	BREAKING NEWS: Quezon City has a confirmed case of #COVID19, according to Mayor Joy Belmonte. Raya Capulong, ABS-CBN News https://t.co/j9J5wQjMmG	ABS-CBN News Channel	ANCALERTS	4843100	True	3500	9461
Tue Mar 10 07:46:17 +0000 2020	1237283622589206530	"In #Italy we made a terrible mistake\n\nEverybody kept saying \""It's just a flu\"" and now our intensive care units are collapsing. Our grandparents and parents, our friends, are dying\n\nPlease, learn the lesson. Now!\n\n#coronavirus #CoronavirusOutbreak #italylockdown #italystaystrong"	Fabio Tumminello	TumminelloFabio	793	False	3498	5296
Mon Mar 09 01:58:22 +0000 2020	1236833678380027904	EXO Baekhyun donates 50 Million Won to help those that has been affected by Corona 19 \n\nAdding up the amounts donated by EXO Members, they have donated 220 Million Won in total !! \n\n#EXO #Î∞±ÌòÑ @weareoneEXO https://t.co/6QaDb0YhDB	Î©¥ÌÜ†ÎÅº '^' üë®üèª‚Äçüé®üñ§	BUNNYMYE0N	94771	False	3469	4400
Mon Mar 09 17:39:37 +0000 2020	1237070550679379968	Per the AP, Germany has more than 1,100 confirmed #Coronavirus cases, but so far just *two deaths.* \n\nExperts say rapid testing early on likely resulted in more diagnosing of the infected and gave the country a chance to contain and prepare for the virus.	Michael Del Moro	MikeDelMoro	36990	True	3406	11428
Tue Mar 10 04:33:47 +0000 2020	1237235176452706304	We don‚Äôt yet have all the tools we need to fight COVID-19. This is an important step toward having treatments, while we also explore vaccines and diagnostics. Thanks to @wellcometrust and @mastercard for launching this effort with us. https://t.co/M8AJ3083zK	Bill Gates	BillGates	49037744	True	767	2450
Tue Mar 10 09:11:55 +0000 2020	1237305169932472320	All new cases of #COVID19 in PH are Filipinos\n\nHere are information on all 33 cases | via @raphbosano https://t.co/UlxJoWCShY	ABS-CBN News	ABSCBNNews	6700694	True	3349	4482
Mon Mar 09 21:05:00 +0000 2020	1237122234675859456	Aaron Ramsey scores &amp; Serie A dies? We can‚Äôt beat this guy ffs https://t.co/9nPs6y6q27 https://t.co/dLgHgD9LH5	Swannyüî¥üáæüá™	ftbIswanny	6453	False	14731	41805
Wed Mar 11 00:59:39 +0000 2020	1237543674675728386	Update of confirmed #COVID19 cases outside of China:\n\n#corona #coronavirus #CoronaVirusUpdate #Korona #koronawirus #Covid_19 #COVID2019 #coronavirusturkey #coronavirusitalIa \n#okullartatiledilsin https://t.co/xtvsO5PIz4	Mix Media	MediaMix0	169	False	3255	4436
Mon Mar 09 15:41:55 +0000 2020	1237040928092639232	Dear @realDonaldTrump: Have you talked to your own @NIH expert Dr. Fauci? He said #coronavirus has mortality rate of 2% &amp; that 15-20% of people will require hospitalization. That‚Äôs about 20 times more lethal &amp; serious than the Flu. Death rate likely higher for older Americans. https://t.co/d84oXun4Jp	Ted Lieu	tedlieu	1255703	True	80843	287065
Mon Mar 09 14:02:38 +0000 2020	1237015945186398208	BREAKING: Pres. Duterte declares #WalangPasok in ALL LEVELS in Metro Manila until March 14 due to #COVID19. \n\n|via CNN Philippines https://t.co/DhLBgyBvZI	EarthShakerPH	earthshakerph	39100	False	3173	6349
Mon Mar 09 21:15:43 +0000 2020	1237124933211348992	Italy üáÆüáπ\n\nüî¥ 60 million people put under lockdown.\n\nü¶† More than 9,000 cases reported (It was 231 two weeks ago)\n\nüèüÔ∏è All sporting events suspended.\n\nüè´üéì All schools, universities closed.\n\n üé≠üèãÔ∏èüåÜ Theatres, gyms, bars, funerals and weddings barred.\n\nUnprecedented.\n\n#coronavirus	Richard Chambers	newschambers	32539	True	3165	7444
Tue Mar 10 10:51:30 +0000 2020	1237330231293288449	"\""The Executive Office for Immigration Review, which falls under the Department of Justice, told all judges and staff members in an email Monday that all coronavirus posters, which explain in English and Spanish how to prevent catching and spreading the virus, had to be removed.\"" https://t.co/nd7agSok7p"	Grace Segers	Grace_Segers	14135	True	3067	2752
Mon Mar 09 16:08:02 +0000 2020	1237047503029178370	The country is panic stricken over the #coronavirus, yet this flu season there have been 9.7 million flu illnesses, 87,000 hospitalizations and 4800 deaths from flu, including 32 pediatric deaths. It‚Äôs time to stop the panic and put things into perspective.	Bernard B. Kerik	BernardKerik	56259	True	3099	8646
Tue Mar 10 13:43:35 +0000 2020	1237373539176628225	I'm a nurse who works &gt; 50 hr/wk with our most vulnerable.\nI cannot get tested\nNone of our caregivers can be tested \nMy patients cannot get tested\nMy patients' families cannot get tested\nMy family members cannot be tested. \nAnd noone I know can afford to miss work\n #GasMaskGaetz https://t.co/7Njm0QAD4t	Debbieüè≥Ô∏è‚Äçüåà ü•Ä#RemoveTheMF	DebbieDoesTwitt	63438	False	384	3130
Wed Mar 11 02:14:47 +0000 2020	1237562584477265920	I mainly shared this story because I want people to know how difficult it is to even get tested for #COVID19 in Missouri right now. With such a narrow group of people being tested, can really know the extent of the outbreak? The current system seems pretty foolish.	Julie O'Donoghue	JSODonoghue	10728	True	3029	16915
Wed Mar 11 02:07:30 +0000 2020	1237560750102556672	Instead of prioritizing regular Americans who need tests for #coronavirus, or paid sick leave because they live paycheck to paycheck, @realDonaldTrump wants to bail out oil billionaires. \n\nThank goodness the House of Representatives, and not @POTUS, has the Power of the Purse. https://t.co/oJzdylQbrC	Ted Lieu	tedlieu	1255703	True	7023	8119
Mon Mar 09 12:31:15 +0000 2020	1236992946509094913	‚ö†Ô∏èDoctors in #Italy warn Europe to ‚Äúget ready‚Äù for #coronavirus, saying ~10% of #COVID19 patients need ICU care, and hospitals are overwhelmed.\n\n‚ÄúIncrease your total ICU capacity...prepare ICU areas (for) patients ‚Äì in every hospital if necessary.‚Äù\n\nhttps://t.co/VoHqJ1IFxF	Dr. Dena Grayson	DrDenaGrayson	249900	True	3000	3929
Tue Mar 10 06:57:19 +0000 2020	1237271298557882368	BREAKING: The total number of #COVID19 cases in the Philippines rise to 35 this afternoon, after DOH reported additional 11 confirmed cases. https://t.co/iyC3VtChUd	EarthShakerPH	earthshakerph	39100	False	2988	6473
Tue Mar 10 22:34:41 +0000 2020	1237507195228442625	Confirmed -- Google is recommending *all* of its North American employees work from home due to #coronavirus concerns. \n\nBiggest company to do this so far. \n\nParent company Alphabet has more than 100,000 employees most of whom work in the US.	Jo Ling Kent	jolingkent	37339	True	2964	6607
Mon Mar 09 22:17:00 +0000 2020	1237140355025383429	"Today's #coronavirus recap: \n\n-110,029 #COVID19 cases globally &amp; 3,817 deaths üåç\n\n-93% of cases in üá®üá≥ üáÆüáπ üá∞üá∑ üáÆüá∑\n\n-All of Italy on lockdown\n\n-In China, 70% of cases recovered\n\n-\""Countries w/ community transmission should consider closing schools, cancelling gatherings,\"" -@DrTedros"	Global Health Strategies	GHS	52399	True	2917	5952
Sun Mar 08 06:20:59 +0000 2020	1236537380342915072	The Italian COVID-19 outbreak has just been explosive... look at the numbers &amp; timeframe. Time is not a luxury we have!\n\nFeb 18:  3 cases \nFeb 21:  20 cases\nFeb 24:  231 cases\nFeb 27:  655 cases\nMar   1:  1,694 cases\nMar   4:  3,089 cases\nMar   7:  5,883 cases	Christopher Lee	chriskc_Lee	2084	False	2911	2872
Mon Mar 09 17:24:52 +0000 2020	1237066837294231558	A Youtuber who recently made a racist remark regarding BTS by relating them to Corona virus will now be making a video about them where he roasts the band and our fandom\nI request ARMYs to pls block him and report his channel, Ducky Bhai on YouTube üôè https://t.co/gv2KAToA6i	Sweet Night üåÜ	rm_fishcakes	1488	False	2865	4400
Sun Mar 08 20:31:52 +0000 2020	1236751509322334210	#CoronaVirus by country‚Äôs cases\n\n‚Ä¢ China &gt; 80,000\n‚Ä¢ Italy 7375\n‚Ä¢ South Korea 7313\n‚Ä¢ Iran 6,566\n‚Ä¢ France 1,126\n‚Ä¢ Germany 939\n‚Ä¢ Spain 644\n‚Ä¢ US 484\n‚Ä¢ Switzerland 337\n‚Ä¢ UK 273\n‚Ä¢ Netherlands 265\n‚Ä¢ Sweden 203\n‚Ä¢ Belgium 200\n‚Ä¢ Canada 63\nhttps://t.co/h2g25wRcya	Joyce Karam	Joyce_Karam	97800	True	2822	4393
Mon Mar 09 20:41:34 +0000 2020	1237116341011853312	BREAKING: All Italy is locked down, PM Conte has just announced. Everyone must remain at home. Nationwide lockdown. #COVID19	David Cenciotti	cencio4	20375	True	2717	5337
Mon Mar 09 12:10:19 +0000 2020	1236987681088757760	#breakingnews \n\nThe Ministry of Health today announced that Brunei registered its first positive COVID-19 case. The patient is a 53-year old man who returned to Brunei from Kuala Lumpur on March 3 2020 with three other friends. #borneobulletin \n\nMore details soon.	Borneo Bulletin	borneo_bulletin	7492	False	2710	2097
Tue Mar 10 22:37:24 +0000 2020	1237507876345786370	Department of Health has confirmed to Sky News that health minister Nadine Dorries has tested positive for covid-19	Sky News Breaking	SkyNewsBreak	3763362	True	2643	5469
Mon Mar 09 14:01:51 +0000 2020	1237015745583669248	JUST IN: President Duterte announces 4 new cases of #COVID19; PH total now at 24 https://t.co/arH9a9imqC	ABS-CBN News	ABSCBNNews	6700694	True	2428	5703
Wed Mar 11 02:20:00 +0000 2020	1237563898577817601	#Coronavirus latest:\n-Cases surpass 117,000 worldwide; deaths exceed 4,200\n-China reports just 24 new cases\n-Italy infections over 10,000, cases in the U.S. near 1,000\n-Canada's PM Justin Trudeau to announce financial measures\nhttps://t.co/ZfcQ1tRcXe	Bloomberg Politics	bpolitics	303793	True	2332	4164
Tue Mar 10 04:47:20 +0000 2020	1237238588158312448	#COVID2019 can be carried by anyone: a US citizen, a Japanese tourist, an undocumented youth, or a Member of Congress. #Coronavirus doesn‚Äôt care about your party, gender or religion. It is not Chinese, it‚Äôs a virus.\n\nBelow are some myth busters from WHO.\n\nhttps://t.co/L3U7PVwbHk	Ted Lieu	tedlieu	1255703	True	2258	7819
Mon Mar 09 11:24:06 +0000 2020	1236976049864368129	Jakarta finally has a coronavirus data website: https://t.co/9j02L5dLfb , according to which 64 people in the capital metro region currently being monitored	Krithika Varagur	krithikavaragur	4097	True	2197	2164
Tue Mar 03 13:18:59 +0000 2020	1234830633018544128	We love this handwashing dance from Vietnamese dancer, Quang ƒêƒÉng. \n\nWashing your hands with soap and water is one of the first steps to protect yourself from #coronavirus. https://t.co/lmXLbR3hZa	UNICEF	UNICEF	7954825	True	2179	5569
Fri Mar 06 22:43:06 +0000 2020	1236059762544070657	I‚Äôm old enough to remember when Trump did away with  visitor‚Äôs logs at the White House. But,  people coming in have to declare which countries they‚Äôve visited. Meanwhile, #coronavirus is in how many states? Guess it‚Äôs not a Democratic hoax after all.  https://t.co/jzIEGNIUMZ	Barbara Malmet	B52Malmet	178184	False	109	232
Thu Mar 05 23:37:48 +0000 2020	1235711139620753408	Trump: Corona-flu is not serious, go to work if you have it, WHO numbers are fake.\n\nInvestors: Dump stocks as president makes clear he's not going to deal with this.\n\nRick Santelli: Meh, let's just kill millions so stock prices go up.\n\nToo many Republicans are inhuman monsters.	Kurt Eichenwald	kurteichenwald	480122	True	256	776
Fri Mar 06 22:28:55 +0000 2020	1236056191324864515	Drug companies reportedly killed a provision in the corona virus funding bill that would have cracked down on unfair prices. A striking example of how lobbying and influence can get industry what it wants, even in the midst of a global health crisis. \n\nhttps://t.co/u5SgzDpwtR	Noah Bookbinder	NoahBookbinder	51346	True	125	176
Fri Mar 06 16:04:56 +0000 2020	1235959558058754048	#FOX to cause PANDEMIC\n\n#FoxNews is spreading #Trump's #CORONAVIRUS LIES faster than the disease itself\n\nSteer clear of MAGA hats: They're being told the whole thing is a HOAX, and their leader's got it under control, go to work\n\n#MOG‚òòÔ∏è\n#Christians\n#MAGA https://t.co/RmrDtoL4bE	Michael O'Grady	mog7546	44159	False	101	100
